Workbook

Sheet Dashboard
B2: Recommendarr — Human-Read Audit Checklist
B3: Organic execution order · every .py + .md · verify each file does what it claims
B5: OVERALL PROGRESS
B6: Total files to audit | C6: =COUNTA(Checklist!$E$2:$E$709) -> 708
B7: ① Human-read complete | C7: =COUNTIF(Checklist!$J$2:$J$709,"✔ Pass")+COUNTIF(Checklist!$J$2:$J$709,"⚠ Concern")+COUNTIF(Checklist!$J$2:$J$709,"✖ Fail")+COUNTIF(Checklist!$J$2:$J$709,"— N/A") -> 0
B8: └ % reviewed | C8: =IF(C6=0,0,C7/C6) -> 0
B9: ✔ Passed clean | C9: =COUNTIF(Checklist!$J$2:$J$709,"✔ Pass") -> 0
B10: ⚠ Concerns flagged | C10: =COUNTIF(Checklist!$J$2:$J$709,"⚠ Concern") -> 0
B11: ✖ Failed read | C11: =COUNTIF(Checklist!$J$2:$J$709,"✖ Fail") -> 0
B12: ② Confirmed does-what-it-says | C12: =COUNTIF(Checklist!$K$2:$K$709,"Yes") -> 0
B13: └ ⚠ Partial / ✖ No | C13: =COUNTIF(Checklist!$K$2:$K$709,"Partial")+COUNTIF(Checklist!$K$2:$K$709,"No") -> 0
B14: ③ .md docs accurate | C14: =COUNTIF(Checklist!$L$2:$L$709,"Yes") -> 0
B15: └ Stale / Wrong .md | C15: =COUNTIF(Checklist!$L$2:$L$709,"Stale")+COUNTIF(Checklist!$L$2:$L$709,"Wrong") -> 0
B17: PROGRESS BY EXECUTION STAGE
B18: Stage (organic run order) | C18: Files | D18: Reviewed | E18: % Done | F18: Concerns | G18: Does-NOT | H18: Sec-flagged
B19: 00 · Entry · main.py | C19: =COUNTIF(Checklist!$B$2:$B$709,"Entry · main.py") -> 1 | D19: =COUNTIFS(Checklist!$B$2:$B$709,"Entry · main.py",Checklist!$J$2:$J$709,"<>") -> 0 | E19: =IF(C19=0,0,D19/C19) -> 0 | F19: =COUNTIFS(Checklist!$B$2:$B$709,"Entry · main.py",Checklist!$J$2:$J$709,"⚠ Concern") -> 0 | G19: =COUNTIFS(Checklist!$B$2:$B$709,"Entry · main.py",Checklist!$K$2:$K$709,"No") -> 0 | H19: =COUNTIFS(Checklist!$B$2:$B$709,"Entry · main.py",Checklist!$G$2:$G$709,"?*") -> 1
B20: 00 · Entry · onboarding | C20: =COUNTIF(Checklist!$B$2:$B$709,"Entry · onboarding") -> 19 | D20: =COUNTIFS(Checklist!$B$2:$B$709,"Entry · onboarding",Checklist!$J$2:$J$709,"<>") -> 0 | E20: =IF(C20=0,0,D20/C20) -> 0 | F20: =COUNTIFS(Checklist!$B$2:$B$709,"Entry · onboarding",Checklist!$J$2:$J$709,"⚠ Concern") -> 0 | G20: =COUNTIFS(Checklist!$B$2:$B$709,"Entry · onboarding",Checklist!$K$2:$K$709,"No") -> 0 | H20: =COUNTIFS(Checklist!$B$2:$B$709,"Entry · onboarding",Checklist!$G$2:$G$709,"?*") -> 12
B21: 00 · Entry · config + secrets | C21: =COUNTIF(Checklist!$B$2:$B$709,"Entry · config + secrets") -> 10 | D21: =COUNTIFS(Checklist!$B$2:$B$709,"Entry · config + secrets",Checklist!$J$2:$J$709,"<>") -> 0 | E21: =IF(C21=0,0,D21/C21) -> 0 | F21: =COUNTIFS(Checklist!$B$2:$B$709,"Entry · config + secrets",Checklist!$J$2:$J$709,"⚠ Concern") -> 0 | G21: =COUNTIFS(Checklist!$B$2:$B$709,"Entry · config + secrets",Checklist!$K$2:$K$709,"No") -> 0 | H21: =COUNTIFS(Checklist!$B$2:$B$709,"Entry · config + secrets",Checklist!$G$2:$G$709,"?*") -> 6
B22: 00 · Entry · auth validation | C22: =COUNTIF(Checklist!$B$2:$B$709,"Entry · auth validation") -> 2 | D22: =COUNTIFS(Checklist!$B$2:$B$709,"Entry · auth validation",Checklist!$J$2:$J$709,"<>") -> 0 | E22: =IF(C22=0,0,D22/C22) -> 0 | F22: =COUNTIFS(Checklist!$B$2:$B$709,"Entry · auth validation",Checklist!$J$2:$J$709,"⚠ Concern") -> 0 | G22: =COUNTIFS(Checklist!$B$2:$B$709,"Entry · auth validation",Checklist!$K$2:$K$709,"No") -> 0 | H22: =COUNTIFS(Checklist!$B$2:$B$709,"Entry · auth validation",Checklist!$G$2:$G$709,"?*") -> 1
B23: 00 · Entry · logging | C23: =COUNTIF(Checklist!$B$2:$B$709,"Entry · logging") -> 2 | D23: =COUNTIFS(Checklist!$B$2:$B$709,"Entry · logging",Checklist!$J$2:$J$709,"<>") -> 0 | E23: =IF(C23=0,0,D23/C23) -> 0 | F23: =COUNTIFS(Checklist!$B$2:$B$709,"Entry · logging",Checklist!$J$2:$J$709,"⚠ Concern") -> 0 | G23: =COUNTIFS(Checklist!$B$2:$B$709,"Entry · logging",Checklist!$K$2:$K$709,"No") -> 0 | H23: =COUNTIFS(Checklist!$B$2:$B$709,"Entry · logging",Checklist!$G$2:$G$709,"?*") -> 1
B24: 00 · Entry · setup scripts | C24: =COUNTIF(Checklist!$B$2:$B$709,"Entry · setup scripts") -> 4 | D24: =COUNTIFS(Checklist!$B$2:$B$709,"Entry · setup scripts",Checklist!$J$2:$J$709,"<>") -> 0 | E24: =IF(C24=0,0,D24/C24) -> 0 | F24: =COUNTIFS(Checklist!$B$2:$B$709,"Entry · setup scripts",Checklist!$J$2:$J$709,"⚠ Concern") -> 0 | G24: =COUNTIFS(Checklist!$B$2:$B$709,"Entry · setup scripts",Checklist!$K$2:$K$709,"No") -> 0 | H24: =COUNTIFS(Checklist!$B$2:$B$709,"Entry · setup scripts",Checklist!$G$2:$G$709,"?*") -> 4
B25: 00 · Entry · git/CI hooks | C25: =COUNTIF(Checklist!$B$2:$B$709,"Entry · git/CI hooks") -> 3 | D25: =COUNTIFS(Checklist!$B$2:$B$709,"Entry · git/CI hooks",Checklist!$J$2:$J$709,"<>") -> 0 | E25: =IF(C25=0,0,D25/C25) -> 0 | F25: =COUNTIFS(Checklist!$B$2:$B$709,"Entry · git/CI hooks",Checklist!$J$2:$J$709,"⚠ Concern") -> 0 | G25: =COUNTIFS(Checklist!$B$2:$B$709,"Entry · git/CI hooks",Checklist!$K$2:$K$709,"No") -> 0 | H25: =COUNTIFS(Checklist!$B$2:$B$709,"Entry · git/CI hooks",Checklist!$G$2:$G$709,"?*") -> 3
B26: 01 · Daemon · supervisor/paths | C26: =COUNTIF(Checklist!$B$2:$B$709,"Daemon · supervisor/paths") -> 3 | D26: =COUNTIFS(Checklist!$B$2:$B$709,"Daemon · supervisor/paths",Checklist!$J$2:$J$709,"<>") -> 0 | E26: =IF(C26=0,0,D26/C26) -> 0 | F26: =COUNTIFS(Checklist!$B$2:$B$709,"Daemon · supervisor/paths",Checklist!$J$2:$J$709,"⚠ Concern") -> 0 | G26: =COUNTIFS(Checklist!$B$2:$B$709,"Daemon · supervisor/paths",Checklist!$K$2:$K$709,"No") -> 0 | H26: =COUNTIFS(Checklist!$B$2:$B$709,"Daemon · supervisor/paths",Checklist!$G$2:$G$709,"?*") -> 2
B27: 01 · Daemon · enrich loop | C27: =COUNTIF(Checklist!$B$2:$B$709,"Daemon · enrich loop") -> 1 | D27: =COUNTIFS(Checklist!$B$2:$B$709,"Daemon · enrich loop",Checklist!$J$2:$J$709,"<>") -> 0 | E27: =IF(C27=0,0,D27/C27) -> 0 | F27: =COUNTIFS(Checklist!$B$2:$B$709,"Daemon · enrich loop",Checklist!$J$2:$J$709,"⚠ Concern") -> 0 | G27: =COUNTIFS(Checklist!$B$2:$B$709,"Daemon · enrich loop",Checklist!$K$2:$K$709,"No") -> 0 | H27: =COUNTIFS(Checklist!$B$2:$B$709,"Daemon · enrich loop",Checklist!$G$2:$G$709,"?*") -> 1
B28: 02 · Scripts · package init | C28: =COUNTIF(Checklist!$B$2:$B$709,"Scripts · package init") -> 3 | D28: =COUNTIFS(Checklist!$B$2:$B$709,"Scripts · package init",Checklist!$J$2:$J$709,"<>") -> 0 | E28: =IF(C28=0,0,D28/C28) -> 0 | F28: =COUNTIFS(Checklist!$B$2:$B$709,"Scripts · package init",Checklist!$J$2:$J$709,"⚠ Concern") -> 0 | G28: =COUNTIFS(Checklist!$B$2:$B$709,"Scripts · package init",Checklist!$K$2:$K$709,"No") -> 0 | H28: =COUNTIFS(Checklist!$B$2:$B$709,"Scripts · package init",Checklist!$G$2:$G$709,"?*") -> 0
B29: 02 · Factories · core plumbing | C29: =COUNTIF(Checklist!$B$2:$B$709,"Factories · core plumbing") -> 39 | D29: =COUNTIFS(Checklist!$B$2:$B$709,"Factories · core plumbing",Checklist!$J$2:$J$709,"<>") -> 0 | E29: =IF(C29=0,0,D29/C29) -> 0 | F29: =COUNTIFS(Checklist!$B$2:$B$709,"Factories · core plumbing",Checklist!$J$2:$J$709,"⚠ Concern") -> 0 | G29: =COUNTIFS(Checklist!$B$2:$B$709,"Factories · core plumbing",Checklist!$K$2:$K$709,"No") -> 0 | H29: =COUNTIFS(Checklist!$B$2:$B$709,"Factories · core plumbing",Checklist!$G$2:$G$709,"?*") -> 8
B30: 03 · Tautulli | C30: =COUNTIF(Checklist!$B$2:$B$709,"Tautulli") -> 27 | D30: =COUNTIFS(Checklist!$B$2:$B$709,"Tautulli",Checklist!$J$2:$J$709,"<>") -> 0 | E30: =IF(C30=0,0,D30/C30) -> 0 | F30: =COUNTIFS(Checklist!$B$2:$B$709,"Tautulli",Checklist!$J$2:$J$709,"⚠ Concern") -> 0 | G30: =COUNTIFS(Checklist!$B$2:$B$709,"Tautulli",Checklist!$K$2:$K$709,"No") -> 0 | H30: =COUNTIFS(Checklist!$B$2:$B$709,"Tautulli",Checklist!$G$2:$G$709,"?*") -> 2
B31: 04 · Trakt | C31: =COUNTIF(Checklist!$B$2:$B$709,"Trakt") -> 51 | D31: =COUNTIFS(Checklist!$B$2:$B$709,"Trakt",Checklist!$J$2:$J$709,"<>") -> 0 | E31: =IF(C31=0,0,D31/C31) -> 0 | F31: =COUNTIFS(Checklist!$B$2:$B$709,"Trakt",Checklist!$J$2:$J$709,"⚠ Concern") -> 0 | G31: =COUNTIFS(Checklist!$B$2:$B$709,"Trakt",Checklist!$K$2:$K$709,"No") -> 0 | H31: =COUNTIFS(Checklist!$B$2:$B$709,"Trakt",Checklist!$G$2:$G$709,"?*") -> 9
B32: 05 · MAL (anime) | C32: =COUNTIF(Checklist!$B$2:$B$709,"MAL (anime)") -> 6 | D32: =COUNTIFS(Checklist!$B$2:$B$709,"MAL (anime)",Checklist!$J$2:$J$709,"<>") -> 0 | E32: =IF(C32=0,0,D32/C32) -> 0 | F32: =COUNTIFS(Checklist!$B$2:$B$709,"MAL (anime)",Checklist!$J$2:$J$709,"⚠ Concern") -> 0 | G32: =COUNTIFS(Checklist!$B$2:$B$709,"MAL (anime)",Checklist!$K$2:$K$709,"No") -> 0 | H32: =COUNTIFS(Checklist!$B$2:$B$709,"MAL (anime)",Checklist!$G$2:$G$709,"?*") -> 2
B33: 06 · Sonarr | C33: =COUNTIF(Checklist!$B$2:$B$709,"Sonarr") -> 226 | D33: =COUNTIFS(Checklist!$B$2:$B$709,"Sonarr",Checklist!$J$2:$J$709,"<>") -> 0 | E33: =IF(C33=0,0,D33/C33) -> 0 | F33: =COUNTIFS(Checklist!$B$2:$B$709,"Sonarr",Checklist!$J$2:$J$709,"⚠ Concern") -> 0 | G33: =COUNTIFS(Checklist!$B$2:$B$709,"Sonarr",Checklist!$K$2:$K$709,"No") -> 0 | H33: =COUNTIFS(Checklist!$B$2:$B$709,"Sonarr",Checklist!$G$2:$G$709,"?*") -> 35
B34: 07 · Radarr | C34: =COUNTIF(Checklist!$B$2:$B$709,"Radarr") -> 129 | D34: =COUNTIFS(Checklist!$B$2:$B$709,"Radarr",Checklist!$J$2:$J$709,"<>") -> 0 | E34: =IF(C34=0,0,D34/C34) -> 0 | F34: =COUNTIFS(Checklist!$B$2:$B$709,"Radarr",Checklist!$J$2:$J$709,"⚠ Concern") -> 0 | G34: =COUNTIFS(Checklist!$B$2:$B$709,"Radarr",Checklist!$K$2:$K$709,"No") -> 0 | H34: =COUNTIFS(Checklist!$B$2:$B$709,"Radarr",Checklist!$G$2:$G$709,"?*") -> 13
B35: 08 · ML brain | C35: =COUNTIF(Checklist!$B$2:$B$709,"ML brain") -> 99 | D35: =COUNTIFS(Checklist!$B$2:$B$709,"ML brain",Checklist!$J$2:$J$709,"<>") -> 0 | E35: =IF(C35=0,0,D35/C35) -> 0 | F35: =COUNTIFS(Checklist!$B$2:$B$709,"ML brain",Checklist!$J$2:$J$709,"⚠ Concern") -> 0 | G35: =COUNTIFS(Checklist!$B$2:$B$709,"ML brain",Checklist!$K$2:$K$709,"No") -> 0 | H35: =COUNTIFS(Checklist!$B$2:$B$709,"ML brain",Checklist!$G$2:$G$709,"?*") -> 8
B36: 09 · Space coordinator | C36: =COUNTIF(Checklist!$B$2:$B$709,"Space coordinator") -> 4 | D36: =COUNTIFS(Checklist!$B$2:$B$709,"Space coordinator",Checklist!$J$2:$J$709,"<>") -> 0 | E36: =IF(C36=0,0,D36/C36) -> 0 | F36: =COUNTIFS(Checklist!$B$2:$B$709,"Space coordinator",Checklist!$J$2:$J$709,"⚠ Concern") -> 0 | G36: =COUNTIFS(Checklist!$B$2:$B$709,"Space coordinator",Checklist!$K$2:$K$709,"No") -> 0 | H36: =COUNTIFS(Checklist!$B$2:$B$709,"Space coordinator",Checklist!$G$2:$G$709,"?*") -> 1
B37: 10 · Acquisition | C37: =COUNTIF(Checklist!$B$2:$B$709,"Acquisition") -> 8 | D37: =COUNTIFS(Checklist!$B$2:$B$709,"Acquisition",Checklist!$J$2:$J$709,"<>") -> 0 | E37: =IF(C37=0,0,D37/C37) -> 0 | F37: =COUNTIFS(Checklist!$B$2:$B$709,"Acquisition",Checklist!$J$2:$J$709,"⚠ Concern") -> 0 | G37: =COUNTIFS(Checklist!$B$2:$B$709,"Acquisition",Checklist!$K$2:$K$709,"No") -> 0 | H37: =COUNTIFS(Checklist!$B$2:$B$709,"Acquisition",Checklist!$G$2:$G$709,"?*") -> 1
B38: 10 · Calendar | C38: =COUNTIF(Checklist!$B$2:$B$709,"Calendar") -> 2 | D38: =COUNTIFS(Checklist!$B$2:$B$709,"Calendar",Checklist!$J$2:$J$709,"<>") -> 0 | E38: =IF(C38=0,0,D38/C38) -> 0 | F38: =COUNTIFS(Checklist!$B$2:$B$709,"Calendar",Checklist!$J$2:$J$709,"⚠ Concern") -> 0 | G38: =COUNTIFS(Checklist!$B$2:$B$709,"Calendar",Checklist!$K$2:$K$709,"No") -> 0 | H38: =COUNTIFS(Checklist!$B$2:$B$709,"Calendar",Checklist!$G$2:$G$709,"?*") -> 0
B39: 10 · Services · package init | C39: =COUNTIF(Checklist!$B$2:$B$709,"Services · package init") -> 1 | D39: =COUNTIFS(Checklist!$B$2:$B$709,"Services · package init",Checklist!$J$2:$J$709,"<>") -> 0 | E39: =IF(C39=0,0,D39/C39) -> 0 | F39: =COUNTIFS(Checklist!$B$2:$B$709,"Services · package init",Checklist!$J$2:$J$709,"⚠ Concern") -> 0 | G39: =COUNTIFS(Checklist!$B$2:$B$709,"Services · package init",Checklist!$K$2:$K$709,"No") -> 0 | H39: =COUNTIFS(Checklist!$B$2:$B$709,"Services · package init",Checklist!$G$2:$G$709,"?*") -> 0
B40: 10 · Renamer | C40: =COUNTIF(Checklist!$B$2:$B$709,"Renamer") -> 1 | D40: =COUNTIFS(Checklist!$B$2:$B$709,"Renamer",Checklist!$J$2:$J$709,"<>") -> 0 | E40: =IF(C40=0,0,D40/C40) -> 0 | F40: =COUNTIFS(Checklist!$B$2:$B$709,"Renamer",Checklist!$J$2:$J$709,"⚠ Concern") -> 0 | G40: =COUNTIFS(Checklist!$B$2:$B$709,"Renamer",Checklist!$K$2:$K$709,"No") -> 0 | H40: =COUNTIFS(Checklist!$B$2:$B$709,"Renamer",Checklist!$G$2:$G$709,"?*") -> 1
B41: 10 · Writeback | C41: =COUNTIF(Checklist!$B$2:$B$709,"Writeback") -> 6 | D41: =COUNTIFS(Checklist!$B$2:$B$709,"Writeback",Checklist!$J$2:$J$709,"<>") -> 0 | E41: =IF(C41=0,0,D41/C41) -> 0 | F41: =COUNTIFS(Checklist!$B$2:$B$709,"Writeback",Checklist!$J$2:$J$709,"⚠ Concern") -> 0 | G41: =COUNTIFS(Checklist!$B$2:$B$709,"Writeback",Checklist!$K$2:$K$709,"No") -> 0 | H41: =COUNTIFS(Checklist!$B$2:$B$709,"Writeback",Checklist!$G$2:$G$709,"?*") -> 0
B42: 11 · Notifications | C42: =COUNTIF(Checklist!$B$2:$B$709,"Notifications") -> 3 | D42: =COUNTIFS(Checklist!$B$2:$B$709,"Notifications",Checklist!$J$2:$J$709,"<>") -> 0 | E42: =IF(C42=0,0,D42/C42) -> 0 | F42: =COUNTIFS(Checklist!$B$2:$B$709,"Notifications",Checklist!$J$2:$J$709,"⚠ Concern") -> 0 | G42: =COUNTIFS(Checklist!$B$2:$B$709,"Notifications",Checklist!$K$2:$K$709,"No") -> 0 | H42: =COUNTIFS(Checklist!$B$2:$B$709,"Notifications",Checklist!$G$2:$G$709,"?*") -> 2
B43: 11 · Dry-run ledger | C43: =COUNTIF(Checklist!$B$2:$B$709,"Dry-run ledger") -> 1 | D43: =COUNTIFS(Checklist!$B$2:$B$709,"Dry-run ledger",Checklist!$J$2:$J$709,"<>") -> 0 | E43: =IF(C43=0,0,D43/C43) -> 0 | F43: =COUNTIFS(Checklist!$B$2:$B$709,"Dry-run ledger",Checklist!$J$2:$J$709,"⚠ Concern") -> 0 | G43: =COUNTIFS(Checklist!$B$2:$B$709,"Dry-run ledger",Checklist!$K$2:$K$709,"No") -> 0 | H43: =COUNTIFS(Checklist!$B$2:$B$709,"Dry-run ledger",Checklist!$G$2:$G$709,"?*") -> 0
B44: 12 · Shared utilities | C44: =COUNTIF(Checklist!$B$2:$B$709,"Shared utilities") -> 28 | D44: =COUNTIFS(Checklist!$B$2:$B$709,"Shared utilities",Checklist!$J$2:$J$709,"<>") -> 0 | E44: =IF(C44=0,0,D44/C44) -> 0 | F44: =COUNTIFS(Checklist!$B$2:$B$709,"Shared utilities",Checklist!$J$2:$J$709,"⚠ Concern") -> 0 | G44: =COUNTIFS(Checklist!$B$2:$B$709,"Shared utilities",Checklist!$K$2:$K$709,"No") -> 0 | H44: =COUNTIFS(Checklist!$B$2:$B$709,"Shared utilities",Checklist!$G$2:$G$709,"?*") -> 6
B45: 12 · Shared support | C45: =COUNTIF(Checklist!$B$2:$B$709,"Shared support") -> 1 | D45: =COUNTIFS(Checklist!$B$2:$B$709,"Shared support",Checklist!$J$2:$J$709,"<>") -> 0 | E45: =IF(C45=0,0,D45/C45) -> 0 | F45: =COUNTIFS(Checklist!$B$2:$B$709,"Shared support",Checklist!$J$2:$J$709,"⚠ Concern") -> 0 | G45: =COUNTIFS(Checklist!$B$2:$B$709,"Shared support",Checklist!$K$2:$K$709,"No") -> 0 | H45: =COUNTIFS(Checklist!$B$2:$B$709,"Shared support",Checklist!$G$2:$G$709,"?*") -> 0
B46: 13 · Test / probe scripts | C46: =COUNTIF(Checklist!$B$2:$B$709,"Test / probe scripts") -> 13 | D46: =COUNTIFS(Checklist!$B$2:$B$709,"Test / probe scripts",Checklist!$J$2:$J$709,"<>") -> 0 | E46: =IF(C46=0,0,D46/C46) -> 0 | F46: =COUNTIFS(Checklist!$B$2:$B$709,"Test / probe scripts",Checklist!$J$2:$J$709,"⚠ Concern") -> 0 | G46: =COUNTIFS(Checklist!$B$2:$B$709,"Test / probe scripts",Checklist!$K$2:$K$709,"No") -> 0 | H46: =COUNTIFS(Checklist!$B$2:$B$709,"Test / probe scripts",Checklist!$G$2:$G$709,"?*") -> 5
B47: 13 · Debug scripts | C47: =COUNTIF(Checklist!$B$2:$B$709,"Debug scripts") -> 1 | D47: =COUNTIFS(Checklist!$B$2:$B$709,"Debug scripts",Checklist!$J$2:$J$709,"<>") -> 0 | E47: =IF(C47=0,0,D47/C47) -> 0 | F47: =COUNTIFS(Checklist!$B$2:$B$709,"Debug scripts",Checklist!$J$2:$J$709,"⚠ Concern") -> 0 | G47: =COUNTIFS(Checklist!$B$2:$B$709,"Debug scripts",Checklist!$K$2:$K$709,"No") -> 0 | H47: =COUNTIFS(Checklist!$B$2:$B$709,"Debug scripts",Checklist!$G$2:$G$709,"?*") -> 0
B48: 13 · Standalone tools | C48: =COUNTIF(Checklist!$B$2:$B$709,"Standalone tools") -> 10 | D48: =COUNTIFS(Checklist!$B$2:$B$709,"Standalone tools",Checklist!$J$2:$J$709,"<>") -> 0 | E48: =IF(C48=0,0,D48/C48) -> 0 | F48: =COUNTIFS(Checklist!$B$2:$B$709,"Standalone tools",Checklist!$J$2:$J$709,"⚠ Concern") -> 0 | G48: =COUNTIFS(Checklist!$B$2:$B$709,"Standalone tools",Checklist!$K$2:$K$709,"No") -> 0 | H48: =COUNTIFS(Checklist!$B$2:$B$709,"Standalone tools",Checklist!$G$2:$G$709,"?*") -> 6
B49: 14 · Repo root | C49: =COUNTIF(Checklist!$B$2:$B$709,"Repo root") -> 4 | D49: =COUNTIFS(Checklist!$B$2:$B$709,"Repo root",Checklist!$J$2:$J$709,"<>") -> 0 | E49: =IF(C49=0,0,D49/C49) -> 0 | F49: =COUNTIFS(Checklist!$B$2:$B$709,"Repo root",Checklist!$J$2:$J$709,"⚠ Concern") -> 0 | G49: =COUNTIFS(Checklist!$B$2:$B$709,"Repo root",Checklist!$K$2:$K$709,"No") -> 0 | H49: =COUNTIFS(Checklist!$B$2:$B$709,"Repo root",Checklist!$G$2:$G$709,"?*") -> 0
B50: TOTAL | C50: =SUM(C19:C49) -> 708 | D50: =SUM(D19:D49) -> 0 | E50: =IF(C50=0,0,D50/C50) -> 0 | F50: =SUM(F19:F49) -> 0 | G50: =SUM(G19:G49) -> 0 | H50: =SUM(H19:H49) -> 130
B52: HOW TO USE
B53: Work top-to-bottom on the Checklist tab — rows are in the order the code actually executes from `python scripts/main.py`, not folder order.
B54: Open each file, read it, then set the three dropdowns: ① Human-read? ② Does what it says? ③ .md accurate? Add findings in Notes.
B55: Filter the Checklist (row-1 arrows) by Stage, When, or Sec* to audit one subsystem or all risk files at once.
B57: When / Run-phase: ALWAYS = on every run · OPT-IN = only if a config flag is set · IMPORT = library called by others ·
B58: STANDALONE/DEBUG/TEST = never run by main.py (manual) · ▶ = file is a runnable entrypoint.
B60: Sec* (heuristic touchpoints — scrutinise these hardest):
B61: NET = makes outbound HTTP / builds API URLs SEC = handles api keys / tokens / secrets
B62: DEL = deletes media / unmonitors / removes files EXEC = subprocess / eval / pickle / yaml.load FS = writes to disk
B63: (red Sec cell = DEL or EXEC present · amber = NET or SEC present)
B65: ① ✔ Pass / ⚠ Concern / ✖ Fail ② Yes / Partial / No / N/A ③ Yes / Stale / Wrong / No .md
B66: Regenerate rows after code changes: python scripts/support/tools/_audit_extract.py then _audit_build_xlsx.py

Sheet Checklist
A1: # | B1: Stage | C1: When / Run-phase | D1: Component | E1: File (path from repo root) | F1: Type | G1: Sec* | H1: Purpose — what it CLAIMS to do | I1: Top defs (classes · functions) | J1: ① Human-read? | K1: ② Does what it says? | L1: ③ .md accurate? | M1: Reviewer | N1: Date | O1: Notes / issues found | P1: LOC | Q1: Paired .md | R1: ▶
A2: 1 | B2: Entry · main.py | C2: Cold start — process entry | D2: main.py | E2: scripts/main.py | F2: PY | G2: NET DEL SEC FS | I2: Main | P2: 551 | Q2: scripts/main.md | R2: ▶
A3: 2 | B3: Entry · onboarding | C3: Cold start — first-run setup | D3: onboarding | E3: scripts/managers/factories/onboarding/__init__.py | F3: PY | G3: NET SEC | H3: OnboardingManager — first-run / full-setup wizard for Recommendarr. ================================================================================ Establishes an entire setup in one flow: root folders, the number of Sonarr/Radarr sessions + their API keys, Trakt OAuth (incl. token generation), Tautulli, Plex, TVDB, MAL, genres, free-space limit, dry-run and Discord notifications. Secrets are per | I3: OnboardingManager | P3: 177 | Q3: —
A4: 3 | B4: Entry · onboarding | C4: Cold start — first-run setup | D4: onboarding | E4: scripts/managers/factories/onboarding/env_map.py | F4: PY | G4: NET DEL SEC | H4: env_map.py — the headless / Docker / unraid environment-variable contract. ================================================================================ Every config leaf maps to a ``RECOMMENDARR_*`` environment variable using the SAME convention the SecretStore already uses for secrets (``secret_store.env_name`` — e.g. ``trakt.client_secret`` -> ``RECOMMENDARR_TRAKT_CLIENT_SECRET``). Onboardin | I4: env_for, get_env, split_list, instance_names | P4: 169 | Q4: —
A5: 4 | B5: Entry · onboarding | C5: Cold start — first-run setup | D5: onboarding | E5: scripts/managers/factories/onboarding/oauth.py | F5: PY | G5: NET SEC | H5: oauth.py — shared, dependency-light Trakt OAuth helpers. ================================================================================ The device-code flow and token refresh used to live solely inside ``TraktInstanceManager``. They are extracted here so BOTH the onboarding wizard and the runtime manager use one implementation (DRY). These functions are pure HTTP — they take credentials and retu | I5: _log, auth_headers, fetch_username, refresh_token | P5: 266 | Q5: —
A6: 5 | B6: Entry · onboarding | C6: Cold start — first-run setup | D6: onboarding | E6: scripts/managers/factories/onboarding/prompts.py | F6: PY | G6: SEC | H6: prompts.py — input abstraction for interactive (TTY) and headless onboarding. ================================================================================ One ``Prompter`` interface, two implementations: * InteractivePrompter — terminal wizard. ``input()`` for normal fields, ``getpass`` for secrets (never echoed). Shows the current default in brackets; pressing Enter keeps it. Colour-coded, NO | I6: Prompter, InteractivePrompter, HeadlessPrompter · _c, red, yellow, green | P6: 235 | Q6: —
A7: 6 | B7: Entry · onboarding | C7: Cold start — first-run setup | D7: onboarding | E7: scripts/managers/factories/onboarding/schema.py | F7: PY | G7: NET DEL SEC | H7: schema.py — canonical config skeleton + shape builders for onboarding. ================================================================================ This mirrors the *LIVE* ``config.json`` shapes that the running readers actually consume — NOT the stale ``default_config.json`` / ``reference_keys.json`` (which still describe the old flat ``radarr-4k`` / flat ``tautulli`` layout). The shapes onbo | I7: empty_config, build_base_url, instance_block, deep_merge | P7: 233 | Q7: —
A8: 7 | B8: Entry · onboarding | C8: Cold start — first-run setup | D8: onboarding | E8: scripts/managers/factories/onboarding/validators.py | F8: PY | G8: NET SEC | H8: validators.py — live connectivity checks used during onboarding. ================================================================================ Warn-and-continue: every check returns a uniform dict and never raises, so a flaky service can never trap the user mid-setup. {"ok": bool, "version": str|None, "error": str|None, "root_folders": [str]} Sonarr/Radarr reuse the exact pattern from auth_vali | I8: _redact, _result, arr_status, _base | P8: 109 | Q8: —
A9: 8 | B9: Entry · onboarding | C9: Cold start — first-run setup | D9: onboarding | E9: scripts/managers/factories/onboarding/README.md | F9: MD | H9: OnboardingManager — - **File** — `scripts/managers/factories/onboarding/__init__.py` - **One-liner** — The first-run / full-setup wizard that interrogates the operator (interactively at a TTY or from `RECOMMENDARR_*` env vars headlessly) and writes a complete, secret-free `config.json` plus keyring-stored secrets before any service manager is built. | P9: 70
A10: 9 | B10: Entry · onboarding | C10: Cold start — first-run setup | D10: steps | E10: scripts/managers/factories/onboarding/steps/__init__.py | F10: PY | H10: steps/__init__.py — ordered onboarding step registry. ================================================================================ Order matters: Sonarr/Radarr run first so the Library step can offer the root folders discovered from those instances. The remaining services follow. | I10: build_steps, step_names | P10: 47 | Q10: —
A11: 10 | B11: Entry · onboarding | C11: Cold start — first-run setup | D11: steps | E11: scripts/managers/factories/onboarding/steps/arr.py | F11: PY | G11: NET SEC | H11: steps/arr.py — Sonarr & Radarr session collection. ================================================================================ Handles the user-defined number of sessions ("# of sessions for sonarr/radarr"). Interactive: asks how many sessions, then loops collecting host/port/api per session. Headless: ``RECOMMENDARR_<SERVICE>_INSTANCE_NAMES`` drives the loop and each field comes from ``RECOM | I11: ArrStep, SonarrStep, RadarrStep | P11: 154 | Q11: —
A12: 11 | B12: Entry · onboarding | C12: Cold start — first-run setup | D12: steps | E12: scripts/managers/factories/onboarding/steps/base.py | F12: PY | H12: steps/base.py — Step contract + small shared helpers. ================================================================================ Each step takes the live prompter, the working config dict, and a transient ``ctx`` (used to pass e.g. root folders discovered from Sonarr/Radarr to the Library step). A step returns a list of ``StepResult`` for the final summary. ``ctx`` is NEVER persisted — only | I12: StepResult, Step · should_configure, csv_field, host_field, token_expired | P12: 119 | Q12: —
A13: 12 | B13: Entry · onboarding | C13: Cold start — first-run setup | D13: steps | E13: scripts/managers/factories/onboarding/steps/daemons.py | F13: PY | H13: steps/daemons.py — background enrichment daemon (optional). ================================================================================ Asks whether to run the standalone Trakt enrichment daemon. When enabled, main.py (re)spawns ``scripts/support/daemons/enrich_daemon.py`` on each launch and the run itself becomes cache-only (no live Trakt calls → it can never hang on a 429). The daemon pre-f | I13: DaemonsStep | P13: 61 | Q13: —
A14: 13 | B14: Entry · onboarding | C14: Cold start — first-run setup | D14: steps | E14: scripts/managers/factories/onboarding/steps/extras.py | F14: PY | G14: SEC | H14: steps/extras.py — TVDB credentials (optional, store-only). ================================================================================ TVDB is collected but NOT live-validated here: it needs a separate login exchange to mint a token, which the runtime handles. Onboarding just stores the credentials (secrets → keyring). MAL has its own step (steps/mal.py) since it performs a real OAuth2/PKCE f | I14: TvdbStep | P14: 32 | Q14: —
A15: 14 | B15: Entry · onboarding | C15: Cold start — first-run setup | D15: steps | E15: scripts/managers/factories/onboarding/steps/library.py | F15: PY | H15: steps/library.py — root folders, genres, free-space limit, dry-run. ================================================================================ Runs after Sonarr/Radarr so it can offer the root folders discovered from those instances (stashed in ``ctx['root_folders']``) as choices. | I15: LibraryStep | P15: 61 | Q15: —
A16: 15 | B16: Entry · onboarding | C16: Cold start — first-run setup | D16: steps | E16: scripts/managers/factories/onboarding/steps/mal.py | F16: PY | G16: NET SEC | H16: steps/mal.py — MyAnimeList credentials + OAuth2 (PKCE) token generation. ================================================================================ MAL uses the OAuth2 authorization-code flow with PKCE (``code_challenge_method= plain``) — there is no device/poll flow like Trakt. So: * Interactive: print the authorize URL, the user approves in a browser and pastes back the redirected URL (or | I16: MalStep | P16: 130 | Q16: —
A17: 16 | B17: Entry · onboarding | C17: Cold start — first-run setup | D17: steps | E17: scripts/managers/factories/onboarding/steps/media.py | F17: PY | G17: NET SEC | H17: steps/media.py — Tautulli & Plex (optional, live-validated). ================================================================================ Tautulli is written in the LIVE nested shape ``{"default": {url, port, api, base_url}}`` (tautulli/__init__.py collapses ``.default``). Plex is a flat block. Both are optional: skipped via a yes/no prompt interactively, or skipped headless unless a value/pro | I17: TautulliStep, PlexStep · _tautulli_current | P17: 96 | Q17: —
A18: 17 | B18: Entry · onboarding | C18: Cold start — first-run setup | D18: steps | E18: scripts/managers/factories/onboarding/steps/nextep.py | F18: PY | H18: steps/nextep.py — next-episode (stay-ahead) prefetch tuning (recommended ON). ================================================================================ The Sonarr stay-ahead prefetch downloads upcoming episodes so the next one is ready before you press play. Three tunables shape HOW FAR it walks per series — all recommended ON and live under ``acquisition.next_episode``: * graduated_cap — s | I18: NextEpisodeStep | P18: 201 | Q18: —
A19: 18 | B19: Entry · onboarding | C19: Cold start — first-run setup | D19: steps | E19: scripts/managers/factories/onboarding/steps/notifications.py | F19: PY | G19: NET SEC | H19: steps/notifications.py — Discord notifications (optional). ================================================================================ ``notifications.discord.webhook_url`` is a secret (matched by the "webhook" substring in is_secret_key), so it is stored in the keyring like any other. | I19: NotificationsStep | P19: 36 | Q19: —
A20: 19 | B20: Entry · onboarding | C20: Cold start — first-run setup | D20: steps | E20: scripts/managers/factories/onboarding/steps/test_nextep_step.py | F20: PY | H20: Tests for the NextEpisodeStep onboarding step — the three modes (recommended / customize / off) write the expected acquisition.next_episode block. | I20: _FakePrompter · _run, _all_notices, test_recommended_writes_the_default_blocks, test_off_writes_enabled_false_blocks_to_disable | P20: 175 | Q20: —
A21: 20 | B21: Entry · onboarding | C21: Cold start — first-run setup | D21: steps | E21: scripts/managers/factories/onboarding/steps/trakt.py | F21: PY | G21: NET SEC | H21: steps/trakt.py — Trakt credentials + OAuth token generation. ================================================================================ Collects client_id/client_secret, then generates the OAuth token via the shared ``oauth`` helper: refresh an existing token if a refresh_token is present, otherwise run the device-code flow (works on a TTY and headless — the device code is surfaced through t | I21: TraktStep | P21: 70 | Q21: —
A22: 21 | B22: Entry · config + secrets | C22: Cold start — config load | D22: config | E22: scripts/managers/factories/config/__Init__.py | F22: PY | G22: SEC | I22: ConfigManager | P22: 55 | Q22: —
A23: 22 | B23: Entry · config + secrets | C23: Cold start — config load | D23: config | E23: scripts/managers/factories/config/config_cli.py | F23: PY | I23: ConfigCLI | P23: 51 | Q23: —
A24: 23 | B24: Entry · config + secrets | C24: Cold start — config load | D24: config | E24: scripts/managers/factories/config/config_constants.py | F24: PY | G24: SEC | I24: SensitiveKeys, ConfigGroups | P24: 15 | Q24: —
A25: 24 | B25: Entry · config + secrets | C25: Cold start — config load | D25: config | E25: scripts/managers/factories/config/config_loader.py | F25: PY | G25: DEL SEC FS | I25: ConfigLoader | P25: 140 | Q25: —
A26: 25 | B26: Entry · config + secrets | C26: Cold start — config load | D26: config | E26: scripts/managers/factories/config/config_resolver.py | F26: PY | I26: ConfigResolver | P26: 13 | Q26: —
A27: 26 | B27: Entry · config + secrets | C27: Cold start — config load | D27: config | E27: scripts/managers/factories/config/config_sanitizer.py | F27: PY | I27: ConfigSanitizer | P27: 24 | Q27: —
A28: 27 | B28: Entry · config + secrets | C28: Cold start — config load | D28: config | E28: scripts/managers/factories/config/secret_bootstrap.py | F28: PY | G28: SEC | H28: SecretBootstrap — first-run / reinstall detection + setup for the SecretStore. ================================================================================ On startup it AUDITS every secret the config expects and reports where each one resolves from: env → RECOMMENDARR_* environment variable (production / containers) keyring → OS keyring (Windows Credential Manager / Keychain / Secret Service) | I28: SecretBootstrap | P28: 139 | Q28: —
A29: 28 | B29: Entry · config + secrets | C29: Cold start — config load | D29: config | E29: scripts/managers/factories/config/secret_store.py | F29: PY | G29: NET SEC | H29: SecretStore — keeps API keys / tokens out of plaintext ``config.json``. ================================================================================ Resolution order for a secret (first hit wins): 1. Environment variable ``RECOMMENDARR_<PATH>`` 12-factor / production: inject via Docker secrets, k8s, CI, or a cloud secret manager. e.g. trakt.client_secret -> RECOMMENDARR_TRAKT_CLIENT_SECRET 2. | I29: SecretStore · is_secret_key, env_name, iter_secret_paths | P29: 155 | Q29: —
A30: 29 | B30: Entry · config + secrets | C30: Cold start — config load | D30: config | E30: scripts/managers/factories/config/validator.py | F30: PY | G30: NET SEC | I30: ConfigValidator | P30: 125 | Q30: —
A31: 30 | B31: Entry · config + secrets | C31: Cold start — config load | D31: config | E31: scripts/managers/factories/config/README.md | F31: MD | H31: ConfigManager — **File** — `scripts/managers/factories/config/__Init__.py` **One-liner** — The process-wide configuration object: it loads `config.json` (overlaying secrets from the OS keyring / env vars), exposes typed getters/setters, and persists changes back to disk with secrets stripped out. | P31: 75
A32: 31 | B32: Entry · auth validation | C32: Cold start — parallel auth check | D32: auth | E32: scripts/support/utilities/auth_validator.py | F32: PY | G32: NET SEC | H32: ServiceAuthValidator ==================== Validates Radarr, Sonarr, and Trakt credentials concurrently and emits a single summary line: [Auth] ✅ Radarr:standard v6.1 ✅ Sonarr:720 v4.0 ✅ Trakt:{username} (0.84s) Individual service log lines are suppressed during the auth check. Called from Main.__init__ before any manager is constructed. | I32: validate_all, _check_radarr, _check_sonarr, _check_trakt | P32: 174 | Q32: —
A33: 32 | B33: Entry · auth validation | C33: Cold start — parallel auth check | D33: auth | E33: scripts/support/utilities/bootstrap.py | F33: PY | P33: 2 | Q33: —
A34: 33 | B34: Entry · logging | C34: Cold start — logger | D34: logger | E34: scripts/support/utilities/logger/formatters.py | F34: PY | I34: JsonFormatter | P34: 17 | Q34: —
A35: 34 | B35: Entry · logging | C35: Cold start — logger | D35: logger | E35: scripts/support/utilities/logger/logger.py | F35: PY | G35: NET DEL SEC FS | I35: _ColorFormatter, LoggerManager · _supports_color, _strip_decor, get_logger | P35: 507 | Q35: —
A36: 35 | B36: Entry · setup scripts | C36: Cold start — provisioning helpers | D36: setup | E36: scripts/support/setup/install_hooks.py | F36: PY | G36: EXEC SEC | H36: install_hooks.py - activate the committed git hooks (pre-commit secret guard). python scripts/support/setup/install_hooks.py Points git at the repo's committed hooks (scripts/hooks) via core.hooksPath, so the pre-commit secret scanner runs on every commit in this clone. Run once per clone. (Optional but recommended: install `gitleaks` for the full ruleset - the hook uses it automatically when pres | I36: _red, _green, main | P36: 47 | Q36: — | R36: ▶
A37: 36 | B37: Entry · setup scripts | C37: Cold start — provisioning helpers | D37: setup | E37: scripts/support/setup/migrate_secrets.py | F37: PY | G37: SEC | H37: migrate_secrets.py - move plaintext secrets out of config.json into the OS keyring. Run once, e.g. right after rotating credentials: python scripts/support/setup/migrate_secrets.py It reads scripts/support/config/config.json, stores every secret value in the OS keyring (Windows Credential Manager / macOS Keychain / Linux Secret Service), and rewrites config.json with those fields BLANK. Downstream | I37: _red, _yellow, _green, _inline_secrets | P37: 88 | Q37: — | R37: ▶
A38: 37 | B38: Entry · setup scripts | C38: Cold start — provisioning helpers | D38: setup | E38: scripts/support/setup/onboarding.py | F38: PY | G38: SEC | H38: onboarding.py - guided first-run / full setup for Recommendarr. python scripts/support/setup/onboarding.py # interactive wizard (auto-detects TTY) python scripts/support/setup/onboarding.py --headless # env-driven (CI / Docker / unraid) python scripts/support/setup/onboarding.py --reconfigure # re-run every step, pre-filled python scripts/support/setup/onboarding.py --service trakt # re-run just o | I38: main | P38: 85 | Q38: — | R38: ▶
A39: 38 | B39: Entry · setup scripts | C39: Cold start — provisioning helpers | D39: setup | E39: scripts/support/setup/setup_secrets.py | F39: PY | G39: SEC | H39: setup_secrets.py - interactive SecretStore setup / update. python scripts/support/setup/setup_secrets.py Shows where each secret currently resolves from (env / keyring / plaintext / missing), then lets you set or update each one with hidden input. Values are stored in the OS keyring; config.json secret fields are left blank. Press Enter to keep the current value. Use this for first-time setup, aft | I39: _red, _yellow, _green, main | P39: 88 | Q39: — | R39: ▶
A40: 39 | B40: Entry · git/CI hooks | C40: Dev-time — pre-commit guards | D40: hooks | E40: scripts/hooks/brain_purity.py | F40: PY | G40: NET FS | H40: Brain-layer purity guard for Recommendarr (ML migration invariant). ``machine_learning/`` is the pure decision/brain layer: it THINKS, the service managers FETCH / CACHE / APPLY. To keep that boundary from eroding as new decision cores land, every module under the migrated brain subpackages must NOT import: * an HTTP client (requests / httpx / urllib3 / aiohttp) * the service layer (scripts.manage | I40: _violations, main | P40: 99 | Q40: — | R40: ▶
A41: 40 | B41: Entry · git/CI hooks | C41: Dev-time — pre-commit guards | D41: hooks | E41: scripts/hooks/secret_scan.py | F41: PY | G41: EXEC SEC | H41: Pre-commit secret guard for Recommendarr. Blocks a commit when the staged changes either: - add a file that must never be committed (config.json, .env, *.pem/.key, ...), or - introduce a secret-looking value (JWT, quoted api_key/token/secret literal, or an ?apikey=/token= URL query). Also runs `gitleaks protect --staged` when gitleaks is on PATH (full ruleset). Bypass (use sparingly, only for a co | I41: _git, _staged_files, _staged_added_lines, _mask | P41: 110 | Q41: — | R41: ▶
A42: 41 | B42: Entry · git/CI hooks | C42: Dev-time — pre-commit guards | D42: hooks | E42: scripts/hooks/test_brain_purity.py | F42: PY | G42: NET FS | H42: Brain-purity guard tests — the migrated machine_learning/ subpackages must not import HTTP / the service layer / *_api. Running it in the suite makes the invariant a standing regression guard (not just a pre-commit hook). | I42: test_migrated_brain_is_pure, test_violations_flags_forbidden_imports | P42: 36 | Q42: —
A43: 42 | B43: Daemon · supervisor/paths | C43: Cold start — daemon (re)spawn | D43: daemons | E43: scripts/managers/factories/daemons/__init__.py | F43: PY | G43: EXEC | H43: daemons — background worker supervision for Recommendarr. Kept import-light: ``daemon_paths`` (pure paths/constants) is imported by the runtime Trakt cache manager, so this package must NOT eagerly pull in the supervisor (which imports subprocess). Import the supervisor explicitly: from scripts.managers.factories.daemons.supervisor import EnrichDaemonSupervisor | P43: 10 | Q43: —
A44: 43 | B44: Daemon · supervisor/paths | C44: Cold start — daemon (re)spawn | D44: daemons | E44: scripts/managers/factories/daemons/daemon_paths.py | F44: PY | H44: daemon_paths.py — single source of truth shared by the enrichment daemon and its supervisor. ================================================================================ Both ``scripts/support/daemons/enrich_daemon.py`` (the background worker) and ``supervisor.py`` (which spawns / stops it from main.py) import their paths and tuning constants from here, so they can never disagree about WHERE t | P44: 87 | Q44: —
A45: 44 | B45: Daemon · enrich loop | C45: Background — out-of-band Trakt enrich | D45: daemons | E45: scripts/support/daemons/enrich_daemon.py | F45: PY | G45: NET EXEC DEL SEC FS | H45: enrich_daemon.py ================ Standalone background enrichment daemon. Continuously fetches Trakt metadata for the movies (Radarr) and series (Sonarr) in your libraries so the watchability scorer / relational builder has complete data BEFORE a run needs it - and so the main run never has to make a live Trakt call (it reads only what this daemon has already cached). Usage ----- python scripts/s | I45: TraktClient · _setup_logger, load_cursor, save_cursor, _bucket_path | P45: 962 | Q45: — | R45: ▶
A46: 45 | B46: Daemon · supervisor/paths | C46: Cold start — daemon (re)spawn | D46: daemons | E46: scripts/managers/factories/daemons/supervisor.py | F46: PY | G46: EXEC DEL FS | H46: supervisor.py — spawn / safe-stop / restart the enrichment daemon. ================================================================================ ``main.py`` calls ``EnrichDaemonSupervisor(logger).restart()`` when the daemon is enabled. ``restart()`` gracefully stops any already-running instance (via a stop sentinel the daemon polls, falling back to a hard kill after a grace window) and then spa | I46: EnrichDaemonSupervisor | P46: 194 | Q46: —
A47: 46 | B47: Scripts · package init | C47: Package glue | D47: __init__.py | E47: scripts/__init__.py | F47: PY | P47: 0 | Q47: —
A48: 47 | B48: Scripts · package init | C48: Package glue | D48: __init__.py | E48: scripts/managers/__init__.py | F48: PY | P48: 0 | Q48: —
A49: 48 | B49: Factories · core plumbing | C49: Cold start — factory construction | D49: __init__.py | E49: scripts/managers/factories/__init__.py | F49: PY | P49: 0 | Q49: —
A50: 49 | B50: Factories · core plumbing | C50: Cold start — factory construction | D50: base_instance_manager.md | E50: scripts/managers/factories/base_instance_manager.md | F50: MD | H50: BaseInstanceManager — **File** — `scripts/managers/factories/base_instance_manager.py` **One-liner** — The shared base for the Radarr/Sonarr (`*arr`) instance managers: it validates configured instances, routes every raw REST request through one chokepoint (`_make_request`) with write-serialization, SQLite-busy retries, and a run-scoped collection snapshot memo, and exposes mount-deduped free/tota | P50: 100
A51: 50 | B51: Factories · core plumbing | C51: Cold start — factory construction | D51: base_instance_manager.py | E51: scripts/managers/factories/base_instance_manager.py | F51: PY | G51: NET DEL SEC | H51: BaseInstanceManager =================== Shared base for Radarr, Sonarr, and any future *arr instance managers. Centralises: - URL parsing (_parse_host) - Error redaction (_redact_error) - Timeout adapter (_inject_timeout) - REST request routing (_make_request — subclasses set self._apis) - Interactive correction scaffold (_handle_interactive_correction) - Recovery confirmation (_confirm_and_clear_ | I51: BaseInstanceManager · _write_lock_for, _clear_collection_cache | P51: 647 | Q51: scripts/managers/factories/base_instance_manager.md
A52: 51 | B52: Factories · core plumbing | C52: Cold start — factory construction | D52: base_manager.md | E52: scripts/managers/factories/base_manager.md | F52: MD | H52: BaseManager — **File** — `scripts/managers/factories/base_manager.py` **One-liner** — The process-wide singleton base class every Recommendarr manager inherits from; it injects the shared dependency set (logger, config, cache, validator, registry), self-registers, and auto-links each manager to its parent in the manager tree. | P52: 89
A53: 52 | B53: Factories · core plumbing | C53: Cold start — factory construction | D53: base_manager.py | E53: scripts/managers/factories/base_manager.py | F53: PY | I53: BaseManager | P53: 254 | Q53: scripts/managers/factories/base_manager.md
A54: 53 | B54: Scripts · package init | C54: Package glue | D54: main.md | E54: scripts/main.md | F54: MD | H54: Main — **File** — `scripts/main.py` **One-liner** — The process entry point: it builds the factory layer, runs a parallel auth check, constructs every top-level service manager in dependency order, and drives the whole run through its phased `run()` method. | P54: 133
A55: 54 | B55: Factories · core plumbing | C55: Cold start — factory construction | D55: metrics.py | E55: scripts/managers/factories/metrics.py | F55: PY | I55: MetricsLogger | P55: 99 | Q55: —
A56: 55 | B56: Factories · core plumbing | C56: Cold start — factory construction | D56: registry | E56: scripts/managers/factories/registry/__init__.py | F56: PY | I56: RegistryManager · get_registry | P56: 32 | Q56: —
A57: 56 | B57: Factories · core plumbing | C57: Cold start — factory construction | D57: registry | E57: scripts/managers/factories/registry/cli.py | F57: PY | I57: RegistryCLI | P57: 82 | Q57: —
A58: 57 | B58: Factories · core plumbing | C58: Cold start — factory construction | D58: registry | E58: scripts/managers/factories/registry/config_sync.py | F58: PY | I58: RegistryConfigSync | P58: 33 | Q58: —
A59: 58 | B59: Factories · core plumbing | C59: Cold start — factory construction | D59: registry | E59: scripts/managers/factories/registry/core.py | F59: PY | I59: RegistryCore | P59: 178 | Q59: —
A60: 59 | B60: Factories · core plumbing | C60: Cold start — factory construction | D60: registry | E60: scripts/managers/factories/registry/health.py | F60: PY | I60: RegistryHealth | P60: 28 | Q60: —
A61: 60 | B61: Factories · core plumbing | C61: Cold start — factory construction | D61: registry | E61: scripts/managers/factories/registry/injection.py | F61: PY | I61: RegistryInjection | P61: 24 | Q61: —
A62: 61 | B62: Factories · core plumbing | C62: Cold start — factory construction | D62: registry | E62: scripts/managers/factories/registry/trace.py | F62: PY | I62: RegistryTracer | P62: 36 | Q62: —
A63: 62 | B63: Factories · core plumbing | C63: Cold start — factory construction | D63: registry | E63: scripts/managers/factories/registry/README.md | F63: MD | H63: RegistryManager — - **File** — `scripts/managers/factories/registry/__init__.py` - **One-liner** — The process-wide service registry: a single in-memory directory of every live manager instance (plus boolean flags, component health, and origin metadata) that the whole manager tree shares. | P63: 117
A64: 63 | B64: Factories · core plumbing | C64: Cold start — factory construction | D64: cache | E64: scripts/managers/factories/cache/__init__.py | F64: PY | I64: GlobalCacheManager | P64: 290 | Q64: —
A65: 64 | B65: Factories · core plumbing | C65: Cold start — factory construction | D65: cache | E65: scripts/managers/factories/cache/audit.py | F65: PY | G65: DEL | I65: CacheAuditManager | P65: 68 | Q65: scripts/managers/factories/cache/audit.md
A66: 65 | B66: Factories · core plumbing | C66: Cold start — factory construction | D66: cache | E66: scripts/managers/factories/cache/compressor.py | F66: PY | G66: DEL FS | I66: CacheCompressor | P66: 91 | Q66: —
A67: 66 | B67: Factories · core plumbing | C67: Cold start — factory construction | D67: cache | E67: scripts/managers/factories/cache/constants.py | F67: PY | I67: CacheSuffix, CacheDirectory, EnrichedSuffix | P67: 76 | Q67: —
A68: 67 | B68: Factories · core plumbing | C68: Cold start — factory construction | D68: cache | E68: scripts/managers/factories/cache/differ.py | F68: PY | I68: CacheDiffer | P68: 57 | Q68: —
A69: 68 | B69: Factories · core plumbing | C69: Cold start — factory construction | D69: cache | E69: scripts/managers/factories/cache/json_handler.py | F69: PY | G69: DEL FS | I69: JsonSanitizer, CacheJsonManager | P69: 121 | Q69: scripts/managers/factories/cache/json_handler.md
A70: 69 | B70: Factories · core plumbing | C70: Cold start — factory construction | D70: cache | E70: scripts/managers/factories/cache/key_builder.py | F70: PY | G70: FS | I70: CacheKeyBuilder · _sanitize_part | P70: 104 | Q70: —
A71: 70 | B71: Factories · core plumbing | C71: Cold start — factory construction | D71: cache | E71: scripts/managers/factories/cache/memory.py | F71: PY | I71: MemoryManager | P71: 84 | Q71: scripts/managers/factories/cache/memory.md
A72: 71 | B72: Factories · core plumbing | C72: Cold start — factory construction | D72: cache | E72: scripts/managers/factories/cache/parquet_handler.py | F72: PY | G72: FS | I72: CacheParquetManager | P72: 105 | Q72: scripts/managers/factories/cache/parquet_handler.md
A73: 72 | B73: Factories · core plumbing | C73: Cold start — factory construction | D73: cache | E73: scripts/managers/factories/cache/timestamp_handler.py | F73: PY | G73: FS | I73: CacheTimestampManager | P73: 98 | Q73: scripts/managers/factories/cache/timestamp_handler.md
A74: 73 | B74: Factories · core plumbing | C74: Cold start — factory construction | D74: cache | E74: scripts/managers/factories/cache/audit.md | F74: MD | H74: CacheAuditManager — - **File** — `scripts/managers/factories/cache/audit.py` - **One-liner** — A disk-cache inspector/janitor held by `GlobalCacheManager`; enumerates and reports on cache files, and (with explicit confirmation) wipes them all. | P74: 41
A75: 74 | B75: Factories · core plumbing | C75: Cold start — factory construction | D75: cache | E75: scripts/managers/factories/cache/json_handler.md | F75: MD | H75: CacheJsonManager — - **File** — `scripts/managers/factories/cache/json_handler.py` - **One-liner** — The disk-JSON read/write/delete worker behind `GlobalCacheManager`; turns slash-delimited cache keys into `.json` files and loads them back, returning an empty dict on any failure. | P75: 52
A76: 75 | B76: Factories · core plumbing | C76: Cold start — factory construction | D76: cache | E76: scripts/managers/factories/cache/memory.md | F76: MD | H76: MemoryManager — - **File** — `scripts/managers/factories/cache/memory.py` - **One-liner** — A tiny in-process, TTL-aware key→value cache held by `GlobalCacheManager` for avoiding repeated disk/API lookups within a single run. | P76: 47
A77: 76 | B77: Factories · core plumbing | C77: Cold start — factory construction | D77: cache | E77: scripts/managers/factories/cache/parquet_handler.md | F77: MD | H77: CacheParquetManager — - **File** — `scripts/managers/factories/cache/parquet_handler.py` - **One-liner** — The DataFrame persistence worker behind `GlobalCacheManager`; saves/loads pandas DataFrames as Parquet, falling back to CSV when the Parquet engine is missing or fails. | P77: 46
A78: 77 | B78: Factories · core plumbing | C78: Cold start — factory construction | D78: cache | E78: scripts/managers/factories/cache/README.md | F78: MD | H78: GlobalCacheManager — - **File** — `scripts/managers/factories/cache/__init__.py` - **One-liner** — The single process-wide cache facade that every manager receives as `global_cache`; it routes JSON, Parquet, timestamp, in-memory, diff, audit and compression work to a set of dedicated subcomponent handlers. | P78: 92
A79: 78 | B79: Factories · core plumbing | C79: Cold start — factory construction | D79: cache | E79: scripts/managers/factories/cache/timestamp_handler.md | F79: MD | H79: CacheTimestampManager — - **File** — `scripts/managers/factories/cache/timestamp_handler.py` - **One-liner** — The "last updated" marker worker behind `GlobalCacheManager`; writes and reads UTC timestamp files so the app can tell how stale a cached resource is. | P79: 47
A80: 79 | B80: Factories · core plumbing | C80: Cold start — factory construction | D80: mixins | E80: scripts/managers/factories/mixins/__init__.py | F80: PY | P80: 0 | Q80: —
A81: 80 | B81: Factories · core plumbing | C81: Cold start — factory construction | D81: mixins | E81: scripts/managers/factories/mixins/component_manager.py | F81: PY | I81: ComponentManagerMixin | P81: 126 | Q81: scripts/managers/factories/mixins/component_manager.md
A82: 81 | B82: Factories · core plumbing | C82: Cold start — factory construction | D82: mixins | E82: scripts/managers/factories/mixins/mixins.py | F82: PY | I82: SonarrInstanceResolverMixin, ProjectPathMixin, ManagerAttributionMixin | P82: 74 | Q82: scripts/managers/factories/mixins/mixins.md
A83: 82 | B83: Factories · core plumbing | C83: Cold start — factory construction | D83: mixins | E83: scripts/managers/factories/mixins/queue_cancel.py | F83: PY | G83: DEL | H83: QueueCancelMixin ================ Shared helper for cancelling in-flight Sonarr / Radarr queue items before triggering a fresh search at the best determined quality. Both ``SonarrCacheEpisodeFilesManager._do_acquire_next_episodes`` and ``RadarrAnomalyManager.triage_monitored_missing`` inherit or compose with this mixin to avoid duplicating the queue-management logic. Sonarr queue endpoint: GET /ap | I83: QueueCancelMixin | P83: 208 | Q83: —
A84: 83 | B84: Factories · core plumbing | C84: Cold start — factory construction | D84: mixins | E84: scripts/managers/factories/mixins/component_manager.md | F84: MD | H84: ComponentManagerMixin — - **File** — `scripts/managers/factories/mixins/component_manager.py` - **One-liner** — A mixin that lets any manager dynamically instantiate, dependency-inject, register, and tabulate a set of submanager classes, then print one summary line about which loaded. | P84: 62
A85: 84 | B85: Factories · core plumbing | C85: Cold start — factory construction | D85: mixins | E85: scripts/managers/factories/mixins/mixins.md | F85: MD | H85: ManagerAttributionMixin — - **File** — `scripts/managers/factories/mixins/mixins.py` - **One-liner** — A mixin that back-fills a submanager's `parent_name` and `manager` links by inferring them from the class's module path on disk and looking the parent up in the registry. | P85: 51
A86: 85 | B86: Factories · core plumbing | C86: Cold start — factory construction | D86: singleton | E86: scripts/managers/factories/singleton/__init__.py | F86: PY | I86: SingletonManager | P86: 89 | Q86: — | R86: ▶
A87: 86 | B87: Factories · core plumbing | C87: Cold start — factory construction | D87: singleton | E87: scripts/managers/factories/singleton/init.py | F87: PY | P87: 63 | Q87: —
A88: 87 | B88: Factories · core plumbing | C88: Cold start — factory construction | D88: singleton | E88: scripts/managers/factories/singleton/README.md | F88: MD | H88: SingletonManager — - **File** — `scripts/managers/factories/singleton/__init__.py` - **One-liner** — The boot orchestrator that validates the foundational factories, constructs the top-level service managers (Sonarr / Trakt / Tautulli), prepares and runs them, warms caches, and then wipes all completion flags. | P88: 77
A89: 88 | B89: Tautulli | C89: Phase 1/2 — runs 1st | D89: README.md | E89: scripts/managers/services/tautulli/README.md | F89: MD | H89: TautulliManager — - **File** — `scripts/managers/services/tautulli/__init__.py` - **One-liner** — Top-level service manager that drives a full Tautulli data-collection run: pulls users, paginated watch history, metadata, libraries, then derives household-completion / affinity / device-codec signals and writes them to the global cache for Radarr/Trakt to consume. | P89: 96
A90: 89 | B90: Tautulli | C90: Phase 1/2 — runs 1st | D90: __init__.py | E90: scripts/managers/services/tautulli/__init__.py | F90: PY | G90: NET SEC | I90: TautulliManager | P90: 378 | Q90: —
A91: 90 | B91: Tautulli | C91: Phase 1/2 — runs 1st | D91: api.py | E91: scripts/managers/services/tautulli/api.py | F91: PY | H91: tautulli/api.py — package-level re-export shim ================================================ ``TautulliManager.__init__`` imports ``TautulliAPI`` from this module. The canonical implementation lives in ``tautulli.instances.api``; this file simply re-exports it so the package ``__init__`` loads cleanly. Do NOT add logic here. Any Tautulli API work should go in ``scripts.managers.services.tautull | P91: 15 | Q91: —
A92: 91 | B92: Tautulli | C92: Phase 1/2 — runs 1st | D92: validator.md | E92: scripts/managers/services/tautulli/validator.md | F92: MD | H92: TautulliValidatorManager — - **File** — `scripts/managers/services/tautulli/validator.py` - **One-liner** — A package-level no-op validator stub that exists only to satisfy `TautulliManager`'s component registry import; the real instance-level validation lives in `tautulli/instances/validator.py`. | P92: 37
A93: 92 | B93: Tautulli | C93: Phase 1/2 — runs 1st | D93: validator.py | E93: scripts/managers/services/tautulli/validator.py | F93: PY | H93: tautulli/validator.py — package-level validator stub ===================================================== ``TautulliManager.__init__`` imports ``TautulliValidatorManager`` from this module. The working instance-level validator lives in ``tautulli.instances.validator`` (``TautulliInstanceValidatorManager``). This stub satisfies the import so the package loads without error. ``TautulliManager`` its | I93: TautulliValidatorManager | P93: 31 | Q93: scripts/managers/services/tautulli/validator.md
A94: 93 | B94: Tautulli | C94: Phase 1/2 — runs 1st | D94: instances | E94: scripts/managers/services/tautulli/instances/__init__.py | F94: PY | I94: TautulliInstanceManager | P94: 57 | Q94: —
A95: 94 | B95: Tautulli | C95: Phase 1/2 — runs 1st | D95: instances | E95: scripts/managers/services/tautulli/instances/api.py | F95: PY | G95: NET SEC | I95: TautulliAPI | P95: 233 | Q95: —
A96: 95 | B96: Tautulli | C96: Phase 1/2 — runs 1st | D96: instances | E96: scripts/managers/services/tautulli/instances/registrar.py | F96: PY | I96: TautulliInstanceRegistrar | P96: 16 | Q96: —
A97: 96 | B97: Tautulli | C97: Phase 1/2 — runs 1st | D97: instances | E97: scripts/managers/services/tautulli/instances/summary_formatter.py | F97: PY | I97: TautulliInstanceSummaryFormatter | P97: 30 | Q97: —
A98: 97 | B98: Tautulli | C98: Phase 1/2 — runs 1st | D98: instances | E98: scripts/managers/services/tautulli/instances/validator.py | F98: PY | I98: TautulliInstanceValidatorManager | P98: 25 | Q98: scripts/managers/services/tautulli/instances/validator.md
A99: 98 | B99: Tautulli | C99: Phase 1/2 — runs 1st | D99: instances | E99: scripts/managers/services/tautulli/instances/README.md | F99: MD | H99: TautulliInstanceManager — - **File** — `scripts/managers/services/tautulli/instances/__init__.py` - **One-liner** — A registry/factory that turns the `tautulli` config block into named, lazily-built Tautulli instances (each an HTTP `TautulliAPI` + a `TautulliInstanceSummaryFormatter`) and hands callers the API client, a server summary, or a connectivity check by instance name. | P99: 63
A100: 99 | B100: Tautulli | C100: Phase 1/2 — runs 1st | D100: instances | E100: scripts/managers/services/tautulli/instances/validator.md | F100: MD | H100: TautulliInstanceValidatorManager — - **File** — `scripts/managers/services/tautulli/instances/validator.py` - **One-liner** — A one-method manager that confirms a named Tautulli instance is reachable by resolving its config and doing a single `get_server_info` round-trip, with a quiet skip for an absent optional `"backup"` instance. | P100: 52
...
